{
    "loss": [
        0.6634610295295715,
        0.6113113164901733,
        0.5773082375526428,
        0.5632718801498413,
        0.5587411522865295,
        0.6904911398887634,
        0.6523001790046692,
        0.6199344992637634,
        0.5535848736763,
        0.5025010704994202,
        0.43219679594039917,
        0.39470791816711426,
        0.3414561450481415,
        0.32105201482772827,
        0.27774593234062195
    ],
    "accuracy": [
        0.5891148447990417,
        0.6662679314613342,
        0.7129186391830444,
        0.7099282145500183,
        0.7171052694320679,
        0.5376794338226318,
        0.6190191507339478,
        0.6734449863433838,
        0.744617223739624,
        0.7643540501594543,
        0.809808611869812,
        0.8289473652839661,
        0.8576555252075195,
        0.8666267991065979,
        0.8923444747924805
    ],
    "auc": [
        0.6367581486701965,
        0.7265679836273193,
        0.772128164768219,
        0.7814160585403442,
        0.7857465147972107,
        0.5606106519699097,
        0.6700226664543152,
        0.7375681400299072,
        0.8190042972564697,
        0.85027015209198,
        0.8950395584106445,
        0.9098212718963623,
        0.9339550137519836,
        0.9399439096450806,
        0.9565557241439819
    ],
    "val_loss": [
        0.6420824527740479,
        0.5849966406822205,
        0.5675967335700989,
        0.5557376742362976,
        0.5581661462783813,
        0.6560350060462952,
        0.618062436580658,
        0.5697874426841736,
        0.5078853964805603,
        0.4463631808757782,
        0.4030642509460449,
        0.3623920679092407,
        0.3256121575832367,
        0.3044408857822418,
        0.2801262438297272
    ],
    "val_accuracy": [
        0.6346649527549744,
        0.7094072103500366,
        0.7106958627700806,
        0.7119845151901245,
        0.719716489315033,
        0.6520618796348572,
        0.7164948582649231,
        0.7429123520851135,
        0.7777062058448792,
        0.8041236996650696,
        0.8202319741249084,
        0.8337628841400146,
        0.8498711585998535,
        0.8653350472450256,
        0.8859536051750183
    ],
    "val_auc": [
        0.7419725060462952,
        0.7697197198867798,
        0.7817814350128174,
        0.7883678674697876,
        0.7929979562759399,
        0.7257232666015625,
        0.7956326007843018,
        0.8337277173995972,
        0.8648827075958252,
        0.8892827033996582,
        0.9086765050888062,
        0.9242615103721619,
        0.9372947812080383,
        0.946472704410553,
        0.9533131718635559
    ]
}